FILENAME	HWXX-6516DS1-VTM_Port 1 +45_00DT_1785
MAKE	COMMSCOPE
FREQUENCY	1785
H_WIDTH	66
V_WIDTH	6.7
FRONT_TO_BACK	27
GAIN	14.404 dBd
TILT	ELECTRICAL
HORIZONTAL 360
0.00	0.07
1.00	0.11
2.00	0.15
3.00	0.21
4.00	0.27
5.00	0.34
6.00	0.41
7.00	0.49
8.00	0.58
9.00	0.66
10.00	0.76
11.00	0.85
12.00	0.95
13.00	1.05
14.00	1.15
15.00	1.25
16.00	1.36
17.00	1.46
18.00	1.56
19.00	1.67
20.00	1.77
21.00	1.88
22.00	1.98
23.00	2.09
24.00	2.19
25.00	2.30
26.00	2.40
27.00	2.51
28.00	2.62
29.00	2.73
30.00	2.83
31.00	2.94
32.00	3.06
33.00	3.17
34.00	3.29
35.00	3.41
36.00	3.53
37.00	3.66
38.00	3.79
39.00	3.92
40.00	4.06
41.00	4.21
42.00	4.36
43.00	4.51
44.00	4.68
45.00	4.85
46.00	5.02
47.00	5.20
48.00	5.39
49.00	5.59
50.00	5.79
51.00	6.00
52.00	6.21
53.00	6.43
54.00	6.66
55.00	6.89
56.00	7.12
57.00	7.35
58.00	7.59
59.00	7.82
60.00	8.05
61.00	8.28
62.00	8.51
63.00	8.73
64.00	8.94
65.00	9.15
66.00	9.36
67.00	9.56
68.00	9.75
69.00	9.94
70.00	10.12
71.00	10.30
72.00	10.48
73.00	10.66
74.00	10.84
75.00	11.02
76.00	11.20
77.00	11.38
78.00	11.57
79.00	11.76
80.00	11.96
81.00	12.15
82.00	12.36
83.00	12.56
84.00	12.77
85.00	12.98
86.00	13.18
87.00	13.40
88.00	13.61
89.00	13.82
90.00	14.02
91.00	14.23
92.00	14.44
93.00	14.66
94.00	14.87
95.00	15.09
96.00	15.32
97.00	15.56
98.00	15.81
99.00	16.08
100.00	16.36
101.00	16.66
102.00	16.98
103.00	17.32
104.00	17.68
105.00	18.07
106.00	18.46
107.00	18.87
108.00	19.29
109.00	19.72
110.00	20.13
111.00	20.54
112.00	20.91
113.00	21.25
114.00	21.55
115.00	21.79
116.00	21.99
117.00	22.14
118.00	22.24
119.00	22.32
120.00	22.38
121.00	22.44
122.00	22.51
123.00	22.60
124.00	22.71
125.00	22.87
126.00	23.07
127.00	23.33
128.00	23.64
129.00	24.01
130.00	24.46
131.00	24.96
132.00	25.55
133.00	26.20
134.00	26.93
135.00	27.72
136.00	28.56
137.00	29.42
138.00	30.26
139.00	31.03
140.00	31.65
141.00	32.07
142.00	32.26
143.00	32.25
144.00	32.11
145.00	31.90
146.00	31.70
147.00	31.55
148.00	31.48
149.00	31.51
150.00	31.67
151.00	31.97
152.00	32.42
153.00	33.06
154.00	33.90
155.00	35.01
156.00	36.45
157.00	38.35
158.00	40.98
159.00	44.89
160.00	51.21
161.00	51.52
162.00	45.08
163.00	41.08
164.00	38.39
165.00	36.44
166.00	34.95
167.00	33.81
168.00	32.93
169.00	32.25
170.00	31.76
171.00	31.44
172.00	31.26
173.00	31.22
174.00	31.31
175.00	31.56
176.00	31.95
177.00	32.50
178.00	33.23
179.00	34.17
180.00	35.37
181.00	36.91
182.00	38.93
183.00	41.68
184.00	45.74
185.00	51.85
186.00	50.81
187.00	45.02
188.00	41.29
189.00	38.73
190.00	36.85
191.00	35.42
192.00	34.30
193.00	33.42
194.00	32.74
195.00	32.23
196.00	31.86
197.00	31.62
198.00	31.51
199.00	31.52
200.00	31.63
201.00	31.86
202.00	32.20
203.00	32.66
204.00	33.23
205.00	33.91
206.00	34.70
207.00	35.57
208.00	36.48
209.00	37.31
210.00	37.89
211.00	38.05
212.00	37.72
213.00	37.00
214.00	36.06
215.00	35.06
216.00	34.10
217.00	33.22
218.00	32.44
219.00	31.76
220.00	31.19
221.00	30.70
222.00	30.30
223.00	29.98
224.00	29.73
225.00	29.56
226.00	29.44
227.00	29.38
228.00	29.35
229.00	29.37
230.00	29.39
231.00	29.42
232.00	29.43
233.00	29.40
234.00	29.31
235.00	29.16
236.00	28.93
237.00	28.62
238.00	28.24
239.00	27.81
240.00	27.34
241.00	26.85
242.00	26.35
243.00	25.85
244.00	25.36
245.00	24.89
246.00	24.44
247.00	24.01
248.00	23.60
249.00	23.21
250.00	22.84
251.00	22.48
252.00	22.12
253.00	21.78
254.00	21.43
255.00	21.08
256.00	20.73
257.00	20.37
258.00	20.00
259.00	19.63
260.00	19.26
261.00	18.88
262.00	18.50
263.00	18.11
264.00	17.74
265.00	17.36
266.00	17.00
267.00	16.64
268.00	16.30
269.00	15.96
270.00	15.63
271.00	15.32
272.00	15.01
273.00	14.71
274.00	14.41
275.00	14.12
276.00	13.84
277.00	13.55
278.00	13.26
279.00	12.96
280.00	12.67
281.00	12.36
282.00	12.06
283.00	11.75
284.00	11.43
285.00	11.10
286.00	10.78
287.00	10.46
288.00	10.13
289.00	9.82
290.00	9.50
291.00	9.19
292.00	8.88
293.00	8.59
294.00	8.30
295.00	8.03
296.00	7.77
297.00	7.51
298.00	7.27
299.00	7.03
300.00	6.81
301.00	6.60
302.00	6.39
303.00	6.19
304.00	6.00
305.00	5.82
306.00	5.64
307.00	5.47
308.00	5.30
309.00	5.14
310.00	4.98
311.00	4.82
312.00	4.66
313.00	4.51
314.00	4.35
315.00	4.20
316.00	4.05
317.00	3.91
318.00	3.76
319.00	3.62
320.00	3.48
321.00	3.35
322.00	3.22
323.00	3.08
324.00	2.96
325.00	2.83
326.00	2.71
327.00	2.59
328.00	2.47
329.00	2.35
330.00	2.23
331.00	2.12
332.00	2.00
333.00	1.88
334.00	1.77
335.00	1.65
336.00	1.53
337.00	1.42
338.00	1.30
339.00	1.19
340.00	1.08
341.00	0.96
342.00	0.86
343.00	0.75
344.00	0.65
345.00	0.56
346.00	0.47
347.00	0.38
348.00	0.30
349.00	0.24
350.00	0.18
351.00	0.12
352.00	0.08
353.00	0.05
354.00	0.02
355.00	0.01
356.00	0.00
357.00	0.00
358.00	0.02
359.00	0.04
VERTICAL 360
0.00	0.00
1.00	0.33
2.00	1.25
3.00	2.85
4.00	5.33
5.00	9.10
6.00	15.23
7.00	22.38
8.00	16.83
9.00	13.53
10.00	12.67
11.00	13.46
12.00	15.91
13.00	20.13
14.00	21.84
15.00	17.74
16.00	14.77
17.00	13.39
18.00	13.26
19.00	14.32
20.00	16.78
21.00	21.62
22.00	33.94
23.00	27.67
24.00	21.05
25.00	18.57
26.00	17.86
27.00	18.36
28.00	19.97
29.00	22.84
30.00	27.36
31.00	32.01
32.00	29.49
33.00	26.07
34.00	24.21
35.00	23.38
36.00	23.13
37.00	23.11
38.00	23.03
39.00	22.78
40.00	22.49
41.00	22.31
42.00	22.27
43.00	22.13
44.00	21.51
45.00	20.26
46.00	18.66
47.00	17.09
48.00	15.75
49.00	14.68
50.00	13.90
51.00	13.36
52.00	13.05
53.00	12.94
54.00	13.02
55.00	13.26
56.00	13.65
57.00	14.19
58.00	14.87
59.00	15.67
60.00	16.60
61.00	17.63
62.00	18.75
63.00	19.94
64.00	21.18
65.00	22.42
66.00	23.63
67.00	24.77
68.00	25.81
69.00	26.74
70.00	27.53
71.00	28.19
72.00	28.72
73.00	29.16
74.00	29.52
75.00	29.87
76.00	30.27
77.00	30.80
78.00	31.54
79.00	32.52
80.00	33.75
81.00	35.13
82.00	36.57
83.00	37.86
84.00	38.78
85.00	39.17
86.00	39.13
87.00	38.78
88.00	38.00
89.00	36.58
90.00	34.85
91.00	33.36
92.00	32.43
93.00	32.21
94.00	32.70
95.00	33.88
96.00	35.67
97.00	37.89
98.00	40.16
99.00	41.52
100.00	40.70
101.00	38.47
102.00	36.35
103.00	34.85
104.00	34.00
105.00	33.71
106.00	33.83
107.00	34.20
108.00	34.63
109.00	34.96
110.00	35.11
111.00	35.11
112.00	35.06
113.00	35.13
114.00	35.42
115.00	36.03
116.00	37.01
117.00	38.41
118.00	40.30
119.00	42.82
120.00	46.26
121.00	50.81
122.00	53.57
123.00	51.30
124.00	49.39
125.00	49.12
126.00	50.09
127.00	51.12
128.00	49.85
129.00	46.95
130.00	44.33
131.00	42.40
132.00	41.10
133.00	40.35
134.00	40.08
135.00	40.25
136.00	40.82
137.00	41.60
138.00	42.16
139.00	41.93
140.00	41.01
141.00	40.07
142.00	39.54
143.00	39.33
144.00	39.05
145.00	38.42
146.00	37.67
147.00	37.25
148.00	37.32
149.00	37.51
150.00	37.02
151.00	35.61
152.00	34.06
153.00	33.00
154.00	32.68
155.00	33.16
156.00	34.51
157.00	36.84
158.00	40.38
159.00	45.62
160.00	53.52
161.00	61.30
162.00	60.21
163.00	55.54
164.00	48.68
165.00	43.53
166.00	39.83
167.00	37.21
168.00	35.57
169.00	34.92
170.00	35.45
171.00	37.65
172.00	43.36
173.00	57.71
174.00	40.56
175.00	35.51
176.00	33.13
177.00	32.21
178.00	32.36
179.00	33.43
180.00	35.33
181.00	37.65
182.00	38.61
183.00	36.74
184.00	34.10
185.00	32.00
186.00	30.64
187.00	29.99
188.00	30.02
189.00	30.71
190.00	31.98
191.00	33.67
192.00	35.35
193.00	36.35
194.00	36.42
195.00	35.85
196.00	34.98
197.00	34.08
198.00	33.35
199.00	32.93
200.00	32.88
201.00	33.18
202.00	33.76
203.00	34.51
204.00	35.34
205.00	36.14
206.00	36.81
207.00	37.25
208.00	37.36
209.00	37.14
210.00	36.70
211.00	36.26
212.00	35.98
213.00	35.94
214.00	36.10
215.00	36.36
216.00	36.59
217.00	36.83
218.00	37.15
219.00	37.63
220.00	38.29
221.00	39.03
222.00	39.64
223.00	39.87
224.00	39.62
225.00	39.13
226.00	38.79
227.00	38.91
228.00	39.65
229.00	41.04
230.00	42.68
231.00	43.45
232.00	42.59
233.00	41.06
234.00	39.62
235.00	38.35
236.00	37.12
237.00	35.90
238.00	34.80
239.00	33.97
240.00	33.51
241.00	33.48
242.00	33.88
243.00	34.68
244.00	35.79
245.00	37.06
246.00	38.23
247.00	39.00
248.00	39.09
249.00	38.45
250.00	37.30
251.00	35.94
252.00	34.62
253.00	33.50
254.00	32.67
255.00	32.15
256.00	31.95
257.00	32.00
258.00	32.18
259.00	32.39
260.00	32.55
261.00	32.68
262.00	32.81
263.00	32.97
264.00	33.10
265.00	33.13
266.00	32.97
267.00	32.63
268.00	32.25
269.00	31.99
270.00	32.00
271.00	32.33
272.00	32.96
273.00	33.72
274.00	34.41
275.00	34.78
276.00	34.70
277.00	34.17
278.00	33.38
279.00	32.54
280.00	31.80
281.00	31.16
282.00	30.50
283.00	29.67
284.00	28.54
285.00	27.12
286.00	25.54
287.00	23.97
288.00	22.55
289.00	21.34
290.00	20.36
291.00	19.58
292.00	18.95
293.00	18.42
294.00	17.94
295.00	17.50
296.00	17.10
297.00	16.77
298.00	16.55
299.00	16.49
300.00	16.61
301.00	16.94
302.00	17.51
303.00	18.35
304.00	19.52
305.00	21.10
306.00	23.29
307.00	26.52
308.00	32.15
309.00	46.73
310.00	33.54
311.00	27.46
312.00	24.30
313.00	22.45
314.00	21.41
315.00	20.98
316.00	21.03
317.00	21.45
318.00	22.11
319.00	22.79
320.00	23.14
321.00	22.89
322.00	22.04
323.00	20.89
324.00	19.75
325.00	18.81
326.00	18.19
327.00	17.99
328.00	18.28
329.00	19.18
330.00	20.85
331.00	23.44
332.00	26.23
333.00	25.91
334.00	23.03
335.00	20.73
336.00	19.47
337.00	19.16
338.00	19.73
339.00	21.16
340.00	23.30
341.00	25.55
342.00	26.79
343.00	27.43
344.00	29.43
345.00	35.40
346.00	33.19
347.00	25.12
348.00	21.13
349.00	19.39
350.00	19.72
351.00	23.39
352.00	31.96
353.00	18.26
354.00	11.51
355.00	7.30
356.00	4.39
357.00	2.35
358.00	0.99
359.00	0.22
