timeSeconds,distanceMeters,prxDbm,snrDb,worldX,worldY,worldZ,txGainDbi,pathLossDb,buildingCollisions
0.000,150.366,-47.326,56.674,-72.440,10.196,-185.040,0.692,81.018,0
0.082,150.034,-47.307,56.693,-72.135,10.200,-184.897,0.692,80.998,0
0.137,149.697,-47.287,56.713,-71.825,10.203,-184.751,0.692,80.979,0
0.192,148.903,-47.241,56.759,-71.095,10.212,-184.408,0.692,80.933,0
0.243,148.479,-47.216,56.784,-70.705,10.216,-184.225,0.692,80.908,0
0.294,148.056,-47.191,56.809,-70.316,10.221,-184.043,0.692,80.883,0
0.345,147.648,-47.167,56.833,-69.941,10.225,-183.867,0.692,80.859,0
0.401,147.188,-47.140,56.860,-69.518,10.230,-183.668,0.692,80.832,0
0.452,146.680,-47.110,56.890,-69.052,10.235,-183.449,0.692,80.802,0
0.509,146.433,-47.096,56.904,-68.825,10.238,-183.342,0.692,80.787,0
0.566,145.906,-47.064,56.936,-68.340,10.244,-183.114,0.692,80.756,0
0.627,145.352,-47.031,56.969,-67.830,10.249,-182.875,0.692,80.723,0
0.685,144.855,-47.002,56.998,-67.373,10.255,-182.660,0.692,80.693,0
0.748,144.351,-46.971,57.029,-66.909,10.260,-182.442,0.692,80.663,0
0.804,143.899,-47.002,56.998,-66.493,10.265,-182.247,0.634,80.636,0
0.860,143.429,-46.973,57.027,-66.060,10.270,-182.044,0.634,80.607,0
0.913,142.994,-46.947,57.053,-65.660,10.275,-181.856,0.634,80.581,0
0.964,142.582,-46.922,57.078,-65.281,10.279,-181.678,0.634,80.556,0
1.020,142.127,-46.894,57.106,-64.863,10.284,-181.481,0.634,80.528,0
1.079,141.677,-46.867,57.133,-64.448,10.289,-181.287,0.634,80.501,0
1.134,141.316,-46.845,57.155,-64.115,10.292,-181.131,0.634,80.478,0
